<?xml version='1.0' encoding='utf-8' standalone='yes' ?>
<map>
    <long name="first_open_time" value="1760333790602" />
    <string name="gmp_app_id">1:100414569437:android:dc3d1d9d77cd26a9545434</string>
    <string name="app_instance_id">6942d00fb975f357ff7d46f6f03798a2</string>
    <long name="session_id" value="1760333794" />
    <boolean name="app_backgrounded" value="true" />
    <long name="health_monitor:start" value="1760333793548" />
    <boolean name="use_service" value="true" />
    <boolean name="deferred_analytics_collection" value="false" />
    <string name="previous_os_version">14</string>
    <boolean name="has_been_opened" value="true" />
    <boolean name="allow_remote_dynamite" value="true" />
    <long name="last_pause_time" value="1760333828712" />
    <boolean name="start_new_session" value="false" />
</map>
