<?xml version='1.0' encoding='utf-8' standalone='yes' ?>
<map>
    <set name="android-installer/com.android.packageinstaller fire-cls/18.6.2 android-min-sdk/24 fire-sessions/1.2.1 fire-fcm/23.4.1 fire-core-ktx/20.4.2 device-model/sapphire fire-abt/21.1.1 fire-android/29 fire-analytics/21.5.1 device-name/52848fc2d3389ef3 fire-core/20.4.2 device-brand/ZTE fire-installations/17.2.0 android-platform/ kotlin/1.9.22 fire-dl/21.2.0 android-target-sdk/27 fire-rc/21.6.1 fire-transport/18.1.8">
        <string>2025-10-02</string>
    </set>
    <long name="fire-count" value="2" />
    <string name="last-used-date">2025-10-13</string>
    <long name="fire-global" value="1760333799513" />
</map>
