<?xml version='1.0' encoding='utf-8' standalone='yes' ?>
<map>
    <string name="prev_event_name">appsflyer_account_verified</string>
    <int name="AF_CACHE_VERSION" value="1" />
    <boolean name="didSendRevenueTriggerOnLastBackground" value="false" />
    <long name="prev_event_timestamp" value="1770007322078" />
    <int name="appsFlyerInAppEventCount" value="4" />
    <long name="prev_session_dur" value="22" />
    <string name="afUninstallToken">cppqAC_zRFaxoRyKfn1NWp:APA91bGtQPRtg9q98gGmHv_ATk2Owr6PNdV8iHEg6ak4WgxBn8cjNade0YdCat7Cj634QVaWk8JjJsm85Fx-AXtJV4vuy0l8VUPYe2wu1pNJZd7cZLpqffw</string>
    <boolean name="ddl_sent" value="true" />
    <long name="af_rc_max_age" value="86400" />
    <string name="sentSuccessfully">true</string>
    <boolean name="sentRegisterRequestToAF" value="true" />
    <int name="versionCode" value="260402" />
    <string name="af_remote_config">eyJmZWF0dXJlcyI6e30sInZlciI6ImRlZmF1bHQudjEuMTYzNzE0OTUyOSJ9</string>
    <string name="savedProperties">{&quot;waitForCustomerId&quot;:&quot;false&quot;,&quot;AppUserId&quot;:&quot;bf7dbbd1db622e38&quot;}</string>
    <string name="AF_INSTALLATION">1770007256472-2658101980072424997</string>
    <boolean name="afUninstallToken_queued" value="false" />
    <int name="appsFlyerCount" value="5" />
    <long name="af_rc_timestamp" value="1770007256928" />
    <long name="AppsFlyerTimePassedSincePrevLaunch" value="1770007317437" />
    <boolean name="newGPReferrerSent" value="true" />
    <string name="appsFlyerFirstInstall">2026-02-02_101056+0530</string>
    <long name="afUninstallToken_received_time" value="1770007254456" />
    <string name="attributionId">{&quot;install_time&quot;:&quot;2026-02-02 04:41:02.532&quot;,&quot;af_message&quot;:&quot;organic install&quot;,&quot;af_status&quot;:&quot;Organic&quot;,&quot;is_first_launch&quot;:false}</string>
</map>
