<?xml version='1.0' encoding='utf-8' standalone='yes' ?>
<map>
    <long name="first_open_time" value="1770007247634" />
    <string name="default_event_parameters">[{&quot;n&quot;:&quot;moj_session_id&quot;,&quot;v&quot;:&quot;55519824161_72d74125-480b-401d-bff1-d27747626703&quot;,&quot;t&quot;:&quot;s&quot;}]</string>
    <string name="gmp_app_id">1:412826138735:android:2e5923280f771d6b2ff59a</string>
    <string name="app_instance_id">655eadd33bc021e9ddeb42001688daa1</string>
    <boolean name="has_been_opened" value="true" />
    <boolean name="app_backgrounded" value="true" />
    <boolean name="allow_remote_dynamite" value="true" />
    <long name="health_monitor:start" value="1770007271970" />
    <boolean name="use_service" value="true" />
    <boolean name="start_new_session" value="true" />
</map>
