<?xml version='1.0' encoding='utf-8' standalone='yes' ?>
<map>
    <string name="com.snapchat.kit.sdk.core.metrics.skate.SkateStore.kitVariants">CREATIVE</string>
    <long name="com.snapchat.kit.sdk.core.metrics.skate.SkateStore.skateDay" value="1" />
    <long name="com.snapchat.kit.sdk.core.metrics.skate.SkateStore.skateMonth" value="2" />
    <string name="com.snapchat.kit.sdk.core.metrics.skate.SkateStore.kitVersions">{&quot;CREATIVE&quot;:&quot;2.1.0&quot;}</string>
    <long name="com.snapchat.kit.sdk.core.metrics.skate.SkateStore.skateYear" value="2026" />
    <float name="com.snapchat.kit.sdk.core.metrics.skate.deviceSampleValue" value="0.6368119" />
    <int name="com.snapchat.kit.sdk.core.metrics.skate.SkateStore.skateCount" value="4" />
    <float name="com.snapchat.kit.sdk.core.config.skateSampleRate" value="0.0" />
</map>
