<?xml version='1.0' encoding='utf-8' standalone='yes' ?>
<map>
    <set name="fire-cls/18.6.4 fire-fcm/23.4.1 fire-sessions/1.2.4 fire-cls-ndk/18.6.4 fire-core-ktx/20.4.3 fire-analytics/21.6.2 kotlin/2.1.0 fire-analytics-ktx/21.6.2 fire-abt/21.1.1 fire-auth-ktx/22.3.1 fire-core/20.4.3 fire-android/30 device-model/raphael device-name/raphael android-platform/ fire-gcs/20.3.0 fire-transport/18.1.8 device-brand/Xiaomi fire-fst-ktx/24.11.1 android-min-sdk/23 fire-perf/20.5.2 fire-perf-ktx/20.5.2 fire-installations/17.2.0 fire-fcm-ktx/23.4.1 fire-auth/22.3.1 fire-stg-ktx/20.3.0 android-installer/com.applisto.appcloner android-target-sdk/27 fire-rc/21.6.3 fire-fst/24.11.1 fire-app-check/17.1.2">
        <string>2026-02-02</string>
    </set>
    <long name="fire-count" value="2" />
    <string name="last-used-date">2026-02-06</string>
    <long name="fire-global" value="1770007247670" />
    <set name="fire-cls/18.6.4 fire-fcm/23.4.1 fire-sessions/1.2.4 fire-core-ktx/20.4.3 fire-cls-ndk/18.6.4 kotlin/2.1.0 fire-analytics/21.6.2 fire-android/28 fire-analytics-ktx/21.6.2 fire-abt/21.1.1 fire-auth-ktx/22.3.1 fire-core/20.4.3 device-name/raphael device-model/raphael fire-gcs/20.3.0 android-platform/ fire-transport/18.1.8 android-target-sdk/35 device-brand/Xiaomi android-installer/com.android.packageinstaller fire-fst-ktx/24.11.1 android-min-sdk/23 fire-perf/20.5.2 fire-perf-ktx/20.5.2 fire-fcm-ktx/23.4.1 fire-auth/22.3.1 fire-installations/17.2.0 fire-stg-ktx/20.3.0 fire-rc/21.6.3 fire-fst/24.11.1 fire-app-check/17.1.2">
        <string>2026-02-06</string>
    </set>
</map>
