[{"timestamp":"2025-10-15T18:10:28.289Z","type":"http","data":{"status_code":200.0,"method":"POST","url":"https://api2.ottplay.com/api/user-service/v1/verify-via-password"},"category":"xhr","level":"info"},{"timestamp":"2025-10-15T18:10:28.462Z","type":"http","data":{"status_code":201.0,"method":"POST","url":"https://api2.ottplay.com/api/v3/mobile/analytics/"},"category":"xhr","level":"info"},{"timestamp":"2025-10-15T18:10:28.699Z","type":"http","data":{"status_code":200.0,"method":"POST","url":"https://api2.ottplay.com/api/user-service/v1/auth/login"},"category":"xhr","level":"info"},{"timestamp":"2025-10-15T18:10:28.865Z","type":"http","data":{"status_code":422.0,"method":"GET","url":"https://api2.ottplay.com/api/user-service/v1/user/profile/preferred-data?randomId=1326"},"category":"xhr","level":"info"},{"timestamp":"2025-10-15T18:10:29.142Z","message":"Net Info -  [object Object]","data":{"logger":"console","arguments":["Net Info - ",{"isConnected":null,"isInternetReachable":null,"details":null,"type":"unknown"}]},"category":"console","level":"debug"},{"timestamp":"2025-10-15T18:10:29.205Z","message":"Net Info -  [object Object]","data":{"logger":"console","arguments":["Net Info - ",{"isConnected":true,"isInternetReachable":true,"isWifiEnabled":false,"details":{"isConnectionExpensive":true,"cellularGeneration":"5g","carrier":"airtel"},"type":"cellular"}]},"category":"console","level":"debug"},{"timestamp":"2025-10-15T18:10:29.205Z","message":"[Diagnostic] Process started. Moving to checking_initial.","data":{"logger":"console","arguments":["[Diagnostic] Process started. Moving to checking_initial."]},"category":"console","level":"debug"},{"timestamp":"2025-10-15T18:10:29.250Z","message":"[Diagnostic] Step 1: Executing initial connection check.","data":{"logger":"console","arguments":["[Diagnostic] Step 1: Executing initial connection check."]},"category":"console","level":"debug"},{"timestamp":"2025-10-15T18:10:29.302Z","message":"Navigation to contentDetails","type":"navigation","data":{"from":"SSOSignIn","to":"contentDetails"},"category":"navigation","level":"info"},{"timestamp":"2025-10-15T18:10:29.354Z","type":"http","data":{"status_code":200.0,"method":"GET","url":"https://ottwatch-webapp.s3.ap-south-1.amazonaws.com/prod/prod_constants.json"},"category":"xhr","level":"info"},{"timestamp":"2025-10-15T18:10:29.362Z","type":"http","data":{"status_code":200.0,"method":"GET","url":"https://ottwatch-webapp.s3.ap-south-1.amazonaws.com/prod/prod_constants.json"},"category":"xhr","level":"info"},{"timestamp":"2025-10-15T18:10:29.495Z","type":"http","data":{"status_code":200.0,"method":"GET","url":"https://api2.ottplay.com/api/user-service/v1/voucher/setting"},"category":"xhr","level":"info"},{"timestamp":"2025-10-15T18:10:29.576Z","type":"http","data":{"status_code":200.0,"method":"GET","url":"https://api2.ottplay.com/api/user-service/v1/user/whatsapp-consent/status?randomId=5363"},"category":"xhr","level":"info"},{"timestamp":"2025-10-15T18:10:29.580Z","type":"http","data":{"status_code":200.0,"method":"GET","url":"https://api2.ottplay.com/api/user-service/v1/user/app-rating/reviewlist?randomId=3900"},"category":"xhr","level":"info"},{"timestamp":"2025-10-15T18:10:29.612Z","type":"http","data":{"status_code":200.0,"method":"GET","url":"https://api2.ottplay.com/api/v3/mobile/user/parental-details?randomId=6198"},"category":"xhr","level":"info"},{"timestamp":"2025-10-15T18:10:29.717Z","type":"http","data":{"status_code":200.0,"method":"GET","url":"https://api2.ottplay.com/api/payment-service/v4.1/mobile/plansubscribe/getusersubscription?randomId=45558"},"category":"xhr","level":"info"},{"timestamp":"2025-10-15T18:10:29.814Z","type":"http","data":{"status_code":200.0,"method":"POST","url":"https://api2.ottplay.com/api/v3/mobile/user/v2/first-seen?randomId=4863"},"category":"xhr","level":"info"},{"timestamp":"2025-10-15T18:10:29.818Z","type":"http","data":{"status_code":201.0,"method":"POST","url":"https://api2.ottplay.com/api/v3/mobile/analytics/"},"category":"xhr","level":"info"},{"timestamp":"2025-10-15T18:10:29.821Z","type":"http","data":{"status_code":200.0,"method":"PUT","url":"https://api2.ottplay.com/api/v2.1/mobile/analytics/acquisitions"},"category":"xhr","level":"info"},{"timestamp":"2025-10-15T18:10:29.852Z","type":"http","data":{"status_code":200.0,"method":"GET","url":"https://api2.ottplay.com/api/user-service/v1/user/profile/list-profiles?randomId=5561"},"category":"xhr","level":"info"},{"timestamp":"2025-10-15T18:10:29.867Z","message":"[Diagnostic] Step 3: Starting speed check window. Setting status to checking_speed.","data":{"logger":"console","arguments":["[Diagnostic] Step 3: Starting speed check window. Setting status to checking_speed."]},"category":"console","level":"debug"},{"timestamp":"2025-10-15T18:10:29.868Z","message":"[Diagnostic] Now in checking_speed state. Setting up interval.","data":{"logger":"console","arguments":["[Diagnostic] Now in checking_speed state. Setting up interval."]},"category":"console","level":"debug"},{"timestamp":"2025-10-15T18:10:29.880Z","type":"http","data":{"status_code":200.0,"method":"GET","url":"https://api2.ottplay.com/api/user-service/v1/user/profile/list-profiles?randomId=7008"},"category":"xhr","level":"info"},{"timestamp":"2025-10-15T18:10:29.968Z","type":"http","data":{"status_code":200.0,"method":"GET","url":"https://api2.ottplay.com/api/payment-service/v2.1/web/subscriptionplans?randomId=5090"},"category":"xhr","level":"info"},{"timestamp":"2025-10-15T18:10:30.726Z","type":"http","data":{"status_code":200.0,"method":"GET","url":"https://api2.ottplay.com/api/user-service/v1/user/app-rating/show-feedback-popup?randomId=5054"},"category":"xhr","level":"info"},{"timestamp":"2025-10-15T18:10:30.988Z","type":"system","data":{"upload_bandwidth":20944,"action":"NETWORK_CAPABILITIES_CHANGED","vpn_active":false,"network_type":"cellular","download_bandwidth":20944},"category":"network.event","level":"info"},{"timestamp":"2025-10-15T18:10:32.379Z","message":"[Diagnostic] - Firing speed check #1 of 1...","data":{"logger":"console","arguments":["[Diagnostic] - Firing speed check #1 of 1..."]},"category":"console","level":"debug"},{"timestamp":"2025-10-15T18:10:33.463Z","type":"http","data":{"status_code":200.0,"method":"POST","url":"https://api2.ottplay.com/api/user-service/v1/user/profile/switch-profile"},"category":"xhr","level":"info"},{"timestamp":"2025-10-15T18:10:34.023Z","message":"Net Info -  [object Object]","data":{"logger":"console","arguments":["Net Info - ",{"isConnected":null,"isInternetReachable":null,"details":null,"type":"unknown"}]},"category":"console","level":"debug"},{"timestamp":"2025-10-15T18:10:34.221Z","message":"Net Info -  [object Object]","data":{"logger":"console","arguments":["Net Info - ",{"isConnected":true,"isInternetReachable":true,"isWifiEnabled":false,"details":{"isConnectionExpensive":true,"cellularGeneration":"5g","carrier":"airtel"},"type":"cellular"}]},"category":"console","level":"debug"},{"timestamp":"2025-10-15T18:10:34.309Z","message":"[Diagnostic] Process started. Moving to checking_initial.","data":{"logger":"console","arguments":["[Diagnostic] Process started. Moving to checking_initial."]},"category":"console","level":"debug"},{"timestamp":"2025-10-15T18:10:34.310Z","message":"[Diagnostic] Step 1: Executing initial connection check.","data":{"logger":"console","arguments":["[Diagnostic] Step 1: Executing initial connection check."]},"category":"console","level":"debug"},{"timestamp":"2025-10-15T18:10:34.314Z","message":"[Diagnostic] - SLOW SPEED DETECTED (371 kbps). Slow count: 1","data":{"logger":"console","arguments":["[Diagnostic] - SLOW SPEED DETECTED (371 kbps). Slow count: 1"]},"category":"console","level":"debug"},{"timestamp":"2025-10-15T18:10:34.314Z","message":"[Diagnostic] - Promise for check #1 resolved. Total checks: 1","data":{"logger":"console","arguments":["[Diagnostic] - Promise for check #1 resolved. Total checks: 1"]},"category":"console","level":"debug"},{"timestamp":"2025-10-15T18:10:34.315Z","message":"[Diagnostic] - Slow check threshold met. Stopping interval and setting status to speed_slow.","data":{"logger":"console","arguments":["[Diagnostic] - Slow check threshold met. Stopping interval and setting status to speed_slow."]},"category":"console","level":"debug"},{"timestamp":"2025-10-15T18:10:35.373Z","type":"http","data":{"status_code":200.0,"method":"GET","url":"https://ottwatch-webapp.s3.ap-south-1.amazonaws.com/prod/prod_constants.json"},"category":"xhr","level":"info"},{"timestamp":"2025-10-15T18:10:35.415Z","type":"http","data":{"status_code":200.0,"method":"GET","url":"https://api2.ottplay.com/api/v4.5/mobile/ranking/?platform=android&module_name=Subscription&template_name=inline_renewal_banner&pin_it=false&section=widget&limit=25&randomId=9359"},"category":"xhr","level":"info"},{"timestamp":"2025-10-15T18:10:35.416Z","type":"http","data":{"status_code":200.0,"method":"GET","url":"https://api2.ottplay.com/api/payment-service/v4.1/web/subscriptionplans/multi-add-on-details?randomId=1760551833720"},"category":"xhr","level":"info"},{"timestamp":"2025-10-15T18:10:35.417Z","type":"http","data":{"status_code":200.0,"method":"GET","url":"https://api2.ottplay.com/api/v4.5/mobile/ranking/?platform=android&module_name=Subscription&template_name=inline_renewal_banner&pin_it=false&section=widget&limit=25&randomId=2584"},"category":"xhr","level":"info"},{"timestamp":"2025-10-15T18:10:35.418Z","type":"http","data":{"status_code":200.0,"method":"GET","url":"https://api2.ottplay.com/api/user-service/v1/user/engagement-journey/user-engagement-status"},"category":"xhr","level":"info"},{"timestamp":"2025-10-15T18:10:35.426Z","message":"[Diagnostic] Step 3: Starting speed check window. Setting status to checking_speed.","data":{"logger":"console","arguments":["[Diagnostic] Step 3: Starting speed check window. Setting status to checking_speed."]},"category":"console","level":"debug"},{"timestamp":"2025-10-15T18:10:35.427Z","message":"[Diagnostic] Now in checking_speed state. Setting up interval.","data":{"logger":"console","arguments":["[Diagnostic] Now in checking_speed state. Setting up interval."]},"category":"console","level":"debug"},{"timestamp":"2025-10-15T18:10:35.495Z","type":"http","data":{"status_code":200.0,"method":"GET","url":"https://api2.ottplay.com/api/user-service/v1/voucher/setting"},"category":"xhr","level":"info"},{"timestamp":"2025-10-15T18:10:35.541Z","type":"http","data":{"status_code":200.0,"method":"GET","url":"https://api2.ottplay.com/api/v4.6/mobile/show/seo/url?seoUrl=search-the-naina-murder-case-2025/7033b9dee5190&randomId=2470&provider_id=67977987ed126c0029b9f20c"},"category":"xhr","level":"info"},{"timestamp":"2025-10-15T18:10:35.606Z","type":"http","data":{"status_code":200.0,"method":"GET","url":"https://api2.ottplay.com/api/user-service/v1/user/engagement-journey/user-engagement-status"},"category":"xhr","level":"info"},{"timestamp":"2025-10-15T18:10:35.631Z","type":"http","data":{"status_code":200.0,"method":"GET","url":"https://api2.ottplay.com/api/user-service/v1/user/app-rating/reviewlist?randomId=4179"},"category":"xhr","level":"info"},{"timestamp":"2025-10-15T18:10:35.714Z","type":"http","data":{"status_code":200.0,"method":"GET","url":"https://api2.ottplay.com/api/payment-service/v4.1/web/subscriptionplans/multi-add-on-details?randomId=1760551834034"},"category":"xhr","level":"info"},{"timestamp":"2025-10-15T18:10:35.769Z","type":"http","data":{"status_code":200.0,"method":"GET","url":"https://api2.ottplay.com/api/v4.1/mobile/like/user-content-details?content_type=show&content_id=68d51fdfd866920030c5e4ea&randomId=5284"},"category":"xhr","level":"info"},{"timestamp":"2025-10-15T18:10:35.783Z","type":"http","data":{"status_code":200.0,"method":"GET","url":"https://api2.ottplay.com/api/user-service/v1/user/profile/preferred-data?randomId=171"},"category":"xhr","level":"info"},{"timestamp":"2025-10-15T18:10:35.842Z","type":"http","data":{"status_code":201.0,"method":"POST","url":"https://api2.ottplay.com/api/v3/mobile/analytics/"},"category":"xhr","level":"info"},{"timestamp":"2025-10-15T18:10:35.871Z","type":"http","data":{"status_code":200.0,"method":"GET","url":"https://api2.ottplay.com/api/v4.6/mobile/episode/seo/url?seoUrl=search-the-naina-murder-case-2025/7033b9dee5190&page=1&limit=5&sortBy=asc&seasonNumber=1&provider=67977987ed126c0029b9f20c&randomId=1155"},"category":"xhr","level":"info"},{"timestamp":"2025-10-15T18:10:35.918Z","type":"http","data":{"status_code":201.0,"method":"POST","url":"https://api2.ottplay.com/api/v3/mobile/analytics/"},"category":"xhr","level":"info"},{"timestamp":"2025-10-15T18:10:36.009Z","type":"http","data":{"status_code":200.0,"method":"GET","url":"https://api2.ottplay.com/api/re-service/v1.4/mobile/re-widget/similar-titles?content_id=68d51fdfd866920030c5e4ea&type=show&limit=20&platform=android"},"category":"xhr","level":"info"},{"timestamp":"2025-10-15T18:10:36.269Z","type":"http","data":{"status_code":200.0,"method":"GET","url":"https://api2.ottplay.com/api/v4.5/mobile/mediaprogress/show-progress?randomId=4193&show_id=68d51fdfd866920030c5e4ea&error_version=2&&platform=android"},"category":"xhr","level":"info"},{"timestamp":"2025-10-15T18:10:36.546Z","type":"http","data":{"status_code":200.0,"method":"GET","url":"https://api2.ottplay.com/api/user-service/v1/user/app-rating/show-feedback-popup?randomId=3645"},"category":"xhr","level":"info"},{"timestamp":"2025-10-15T18:10:37.409Z","message":"Error: Cannot load an empty url","data":{},"category":"sentry.event","level":"error"},{"timestamp":"2025-10-15T18:10:37.557Z","message":"[Diagnostic] - Firing speed check #1 of 1...","data":{"logger":"console","arguments":["[Diagnostic] - Firing speed check #1 of 1..."]},"category":"console","level":"debug"},{"timestamp":"2025-10-15T18:10:38.178Z","message":"[Diagnostic] - Promise for check #1 resolved. Total checks: 1","data":{"logger":"console","arguments":["[Diagnostic] - Promise for check #1 resolved. Total checks: 1"]},"category":"console","level":"debug"},{"timestamp":"2025-10-15T18:10:38.181Z","message":"[Diagnostic] - Total check limit met. Stopping interval and setting status to speed_fast.","data":{"logger":"console","arguments":["[Diagnostic] - Total check limit met. Stopping interval and setting status to speed_fast."]},"category":"console","level":"debug"},{"timestamp":"2025-10-15T18:10:38.184Z","message":"[Diagnostic] Step 4: Executing final confirmation check.","data":{"logger":"console","arguments":["[Diagnostic] Step 4: Executing final confirmation check."]},"category":"console","level":"debug"},{"timestamp":"2025-10-15T18:10:38.619Z","message":"Navigation to MainStack","type":"navigation","data":{"from":"contentDetails","to":"MainStack"},"category":"navigation","level":"info"},{"timestamp":"2025-10-15T18:10:38.683Z","message":"Net Info -  [object Object]","data":{"logger":"console","arguments":["Net Info - ",{"isConnected":null,"isInternetReachable":null,"details":null,"type":"unknown"}]},"category":"console","level":"debug"},{"timestamp":"2025-10-15T18:10:38.755Z","message":"[Diagnostic] Process started. Moving to checking_initial.","data":{"logger":"console","arguments":["[Diagnostic] Process started. Moving to checking_initial."]},"category":"console","level":"debug"},{"timestamp":"2025-10-15T18:10:38.755Z","message":"Net Info -  [object Object]","data":{"logger":"console","arguments":["Net Info - ",{"isConnected":true,"isInternetReachable":true,"isWifiEnabled":false,"details":{"isConnectionExpensive":true,"cellularGeneration":"5g","carrier":"airtel"},"type":"cellular"}]},"category":"console","level":"debug"},{"timestamp":"2025-10-15T18:10:38.763Z","message":"[Diagnostic] Step 1: Executing initial connection check.","data":{"logger":"console","arguments":["[Diagnostic] Step 1: Executing initial connection check."]},"category":"console","level":"debug"},{"timestamp":"2025-10-15T18:10:39.309Z","type":"http","data":{"status_code":200.0,"method":"GET","url":"https://ottwatch-webapp.s3.ap-south-1.amazonaws.com/prod/prod_constants.json"},"category":"xhr","level":"info"},{"timestamp":"2025-10-15T18:10:39.321Z","type":"http","data":{"status_code":200.0,"method":"GET","url":"https://ottwatch-webapp.s3.ap-south-1.amazonaws.com/prod/prod_constants.json"},"category":"xhr","level":"info"},{"timestamp":"2025-10-15T18:10:39.324Z","type":"http","data":{"status_code":200.0,"method":"GET","url":"https://ottwatch-webapp.s3.ap-south-1.amazonaws.com/prod/prod_constants.json"},"category":"xhr","level":"info"},{"timestamp":"2025-10-15T18:10:39.324Z","type":"http","data":{"status_code":200.0,"method":"GET","url":"https://ottwatch-webapp.s3.ap-south-1.amazonaws.com/prod/prod_constants.json"},"category":"xhr","level":"info"},{"timestamp":"2025-10-15T18:10:39.327Z","type":"http","data":{"status_code":200.0,"method":"GET","url":"https://ottwatch-webapp.s3.ap-south-1.amazonaws.com/prod/prod_constants.json"},"category":"xhr","level":"info"},{"timestamp":"2025-10-15T18:10:39.328Z","message":"[Diagnostic] Process finished with terminal status: success. Calling onComplete.","data":{"logger":"console","arguments":["[Diagnostic] Process finished with terminal status: success. Calling onComplete."]},"category":"console","level":"debug"},{"timestamp":"2025-10-15T18:10:39.331Z","type":"http","data":{"status_code":200.0,"method":"GET","url":"https://ottwatch-webapp.s3.ap-south-1.amazonaws.com/prod/prod_constants.json"},"category":"xhr","level":"info"},{"timestamp":"2025-10-15T18:10:39.333Z","type":"http","data":{"status_code":200.0,"method":"GET","url":"https://ottwatch-webapp.s3.ap-south-1.amazonaws.com/prod/prod_constants.json"},"category":"xhr","level":"info"},{"timestamp":"2025-10-15T18:10:39.352Z","type":"http","data":{"status_code":200.0,"method":"GET","url":"https://api2.ottplay.com/api/v4.5/mobile/ranking/?platform=android&module_name=Subscription&template_name=inline_renewal_banner&pin_it=false&section=widget&limit=25&randomId=5976"},"category":"xhr","level":"info"},{"timestamp":"2025-10-15T18:10:39.433Z","type":"http","data":{"status_code":200.0,"method":"GET","url":"https://api2.ottplay.com/api/user-service/v1/user/app-rating/reviewlist?randomId=245"},"category":"xhr","level":"info"},{"timestamp":"2025-10-15T18:10:39.475Z","type":"http","data":{"status_code":200.0,"method":"GET","url":"https://api2.ottplay.com/api/user-service/v1/voucher/setting"},"category":"xhr","level":"info"},{"timestamp":"2025-10-15T18:10:39.491Z","type":"http","data":{"status_code":200.0,"method":"GET","url":"https://api2.ottplay.com/api/v4.5/mobile/widget/list/?platform=android&menu=Subscription&randomId=9968"},"category":"xhr","level":"info"},{"timestamp":"2025-10-15T18:10:39.727Z","type":"http","data":{"status_code":200.0,"method":"GET","url":"https://api2.ottplay.com/api/payment-service/v4.1/web/subscriptionplans/multi-add-on-details?randomId=1760551838684"},"category":"xhr","level":"info"},{"timestamp":"2025-10-15T18:10:39.728Z","type":"http","data":{"status_code":200.0,"method":"GET","url":"https://api2.ottplay.com/api/user-service/v1/user/app-rating/show-feedback-popup?randomId=9658"},"category":"xhr","level":"info"},{"timestamp":"2025-10-15T18:10:39.768Z","type":"http","data":{"status_code":200.0,"method":"GET","url":"https://api2.ottplay.com/api/v4.5/mobile/widget/list/?platform=android&menu=Subscription&randomId=2842"},"category":"xhr","level":"info"},{"timestamp":"2025-10-15T18:10:39.824Z","type":"http","data":{"status_code":200.0,"method":"GET","url":"https://api2.ottplay.com/api/v4.7/mobile/ranking/?module_name=Subscription&platform=android&limit=5&section=widget_new_release_27&pin_it=true&title=New Releases&template_name=new_release&page=1&lang_pref=false&language=false&language_id=null&genre=false&genre_id=undefined&provider=false&provider_id=null&randomId=825"},"category":"xhr","level":"info"},{"timestamp":"2025-10-15T18:10:39.865Z","type":"http","data":{"status_code":200.0,"method":"GET","url":"https://api2.ottplay.com/api/v4.7/mobile/ranking/?module_name=Subscription&platform=android&limit=50&section=widget_mix_search_5&pin_it=true&title=Mix Search&template_name=subscription_banner&page=1&lang_pref=false&language=false&language_id=null&genre=false&genre_id=undefined&provider=false&provider_id=null&randomId=7514"},"category":"xhr","level":"info"},{"timestamp":"2025-10-15T18:10:39.900Z","type":"http","data":{"status_code":200.0,"method":"GET","url":"https://api2.ottplay.com/api/v4.5/web/livetv/channel-top-menu/?module_name=Subscription&platform=android&limit=5&section=widget_enjoy_live_tV_channels&pin_it=true&title=Live TV&template_name=newLiveTvWidget&page=1&lang_pref=false&language=false&language_id=null&genre=false&genre_id=undefined&provider=false&provider_id=null&randomId=2497"},"category":"xhr","level":"info"},{"timestamp":"2025-10-15T18:10:39.901Z","message":"[Diagnostic] Step 3: Starting speed check window. Setting status to checking_speed.","data":{"logger":"console","arguments":["[Diagnostic] Step 3: Starting speed check window. Setting status to checking_speed."]},"category":"console","level":"debug"},{"timestamp":"2025-10-15T18:10:39.943Z","message":"[Diagnostic] Now in checking_speed state. Setting up interval.","data":{"logger":"console","arguments":["[Diagnostic] Now in checking_speed state. Setting up interval."]},"category":"console","level":"debug"},{"timestamp":"2025-10-15T18:10:39.972Z","type":"http","data":{"status_code":200.0,"method":"GET","url":"https://api2.ottplay.com/api/re-service/v1.4/web/curated-titles/subs-recommendations/?module_name=Subscription&platform=android&limit=5&section=widget_suspense_served&pin_it=true&title=Mystery Repeating&template_name=mystery_repeating&page=1&lang_pref=false&language=false&language_id=null&genre=false&genre_id=undefined&provider=false&provider_id=null&randomId=8393"},"category":"xhr","level":"info"},{"timestamp":"2025-10-15T18:10:40.018Z","type":"http","data":{"status_code":201.0,"method":"POST","url":"https://api2.ottplay.com/api/v3/mobile/analytics/"},"category":"xhr","level":"info"},{"timestamp":"2025-10-15T18:10:40.020Z","type":"http","data":{"status_code":200.0,"method":"GET","url":"https://api2.ottplay.com/api/user-service/v1/user/profile/preferred-data?randomId=3993"},"category":"xhr","level":"info"},{"timestamp":"2025-10-15T18:10:40.041Z","type":"http","data":{"status_code":200.0,"method":"GET","url":"https://api2.ottplay.com/api/v4.5/mobile/ranking/?platform=android&module_name=Subscription&template_name=inline_renewal_banner&pin_it=false&section=widget&limit=25&randomId=1147"},"category":"xhr","level":"info"},{"timestamp":"2025-10-15T18:10:40.082Z","type":"http","data":{"status_code":200.0,"method":"GET","url":"https://api2.ottplay.com/api/v4.5/mobile/ranking/?platform=android&module_name=Subscription&template_name=inline_renewal_banner&pin_it=false&section=widget&limit=25&randomId=8710"},"category":"xhr","level":"info"},{"timestamp":"2025-10-15T18:10:40.170Z","type":"http","data":{"status_code":200.0,"method":"GET","url":"https://api2.ottplay.com/api/v4.7/mobile/ranking/?module_name=Subscription&platform=android&limit=5&section=widget_rating_nudge&pin_it=true&title=Rating Nudge&template_name=rating_nudge&page=1&lang_pref=false&language=false&language_id=null&genre=false&genre_id=undefined&provider=false&provider_id=null&randomId=5850"},"category":"xhr","level":"info"},{"timestamp":"2025-10-15T18:10:40.240Z","type":"http","data":{"status_code":200.0,"method":"GET","url":"https://api2.ottplay.com/api/v4.7/mobile/ranking/?module_name=Subscription&platform=android&limit=50&section=widget_mix_search_5&pin_it=true&title=Mix Search&template_name=subscription_banner&page=1&lang_pref=false&language=false&language_id=null&genre=false&genre_id=undefined&provider=false&provider_id=null&randomId=403"},"category":"xhr","level":"info"},{"timestamp":"2025-10-15T18:10:40.338Z","type":"http","data":{"status_code":200.0,"method":"GET","url":"https://api2.ottplay.com/api/re-service/v1.4/web/re-widget/premium-top-10-shows-by-language-preference/?module_name=Subscription&platform=android&limit=5&section=widget_oTTplay_top10_shows&pin_it=false&title=Top 10 Shows&template_name=top10_language&page=1&lang_pref=false&language=false&language_id=null&genre=false&genre_id=undefined&provider=false&provider_id=null&randomId=9100"},"category":"xhr","level":"info"},{"timestamp":"2025-10-15T18:10:40.520Z","type":"http","data":{"status_code":201.0,"method":"POST","url":"https://api2.ottplay.com/api/v3/mobile/analytics/"},"category":"xhr","level":"info"},{"timestamp":"2025-10-15T18:10:40.579Z","type":"http","data":{"status_code":200.0,"method":"GET","url":"https://api2.ottplay.com/api/v4.5/web/liveTV/top-channels?limit=10&page=1&random_id=3220"},"category":"xhr","level":"info"},{"timestamp":"2025-10-15T18:10:40.596Z","type":"http","data":{"status_code":200.0,"method":"GET","url":"https://api2.ottplay.com/api/v4.7/mobile/ranking/?module_name=Subscription&platform=android&limit=5&section=widget_continue_watching&pin_it=false&title=Continue Watching&template_name=continue_watching&page=1&lang_pref=false&language=false&language_id=null&genre=false&genre_id=undefined&provider=false&provider_id=null&randomId=8373"},"category":"xhr","level":"info"},{"timestamp":"2025-10-15T18:10:40.956Z","type":"http","data":{"status_code":201.0,"method":"POST","url":"https://api2.ottplay.com/api/v3/mobile/analytics/"},"category":"xhr","level":"info"},{"timestamp":"2025-10-15T18:10:40.957Z","type":"http","data":{"status_code":200.0,"method":"GET","url":"https://api2.ottplay.com/api/user-service/v1/user/watchlist/list?platform=android&limit=10&randomID=2544&error_version=2&result_type=ottplay_id"},"category":"xhr","level":"info"},{"timestamp":"2025-10-15T18:10:41.006Z","type":"system","data":{"upload_bandwidth":14418,"action":"NETWORK_CAPABILITIES_CHANGED","vpn_active":false,"network_type":"cellular","download_bandwidth":14418},"category":"network.event","level":"info"},{"timestamp":"2025-10-15T18:10:41.898Z","type":"navigation","data":{"state":"background"},"category":"app.lifecycle","level":"info"}]