{"Fid":"e8xs6-xnRu6ZB8uchdE9Ib","Status":3,"AuthToken":"eyJhbGciOiJFUzI1NiIsInR5cCI6IkpXVCJ9.eyJhcHBJZCI6IjE6NDYxOTI0ODEyMzgyOmFuZHJvaWQ6MTE5ZDBmOTM1MTlmMzg0ZDI5MTZjZiIsImV4cCI6MTc2MTE1NjYwMiwiZmlkIjoiZTh4czYteG5SdTZaQjh1Y2hkRTlJYiIsInByb2plY3ROdW1iZXIiOjQ2MTkyNDgxMjM4Mn0.AB2LPV8wRQIhAJMkzVQgSBqaipu3gyRdESCmuoXeGcrXjHwdEjmzl9GJAiBuRL3RAJt33FIM0QLHtLUYLEnsM2jnsrHWY5nCCM2o6A","RefreshToken":"3_AS3qfwJfC7cguzW6pdnal4hXEcjLDzYMBHQY7Y5y14yCcSkrYSZuqRDuxpxICgb1GnuYb3zndX4iYRvIOWnQaqQnNIxuWEvA8SxvwuWfJ4l-Z4g","TokenCreationEpochInSecs":1760551802,"ExpiresInSecs":604800}