{"Fid":"eQ2XzxYBRMO4S0DIjQgjsD","Status":3,"AuthToken":"eyJhbGciOiJFUzI1NiIsInR5cCI6IkpXVCJ9.eyJhcHBJZCI6IjE6MTAwNDE0NTY5NDM3OmFuZHJvaWQ6ZGMzZDFkOWQ3N2NkMjZhOTU0NTQzNCIsImV4cCI6MTc2MDkzODU5NCwiZmlkIjoiZVEyWHp4WUJSTU80UzBESWpRZ2pzRCIsInByb2plY3ROdW1iZXIiOjEwMDQxNDU2OTQzN30.AB2LPV8wRQIhAK1T2wbZ0r_zJ7SAp3GAVsuTKfXb1-HqK03N-545tX0DAiBfqvEYMd-rjitTf4lTDd5w5026jHAuJZD74AF0sx0SFw","RefreshToken":"3_AS3qfwJhVG1BcFR7u6WenEf4bEFYXoZCCAzxtWdTluMUfQP_DoMcm9lpNUqtwIJzIvRD8E0dbHsadEPFpGty9J_2siMkO7wrxVAfri4b3yoOXtU","TokenCreationEpochInSecs":1760333793,"ExpiresInSecs":604800}