{"Fid":"cppqAC_zRFaxoRyKfn1NWp","Status":3,"AuthToken":"eyJhbGciOiJFUzI1NiIsInR5cCI6IkpXVCJ9.eyJhcHBJZCI6IjE6NDEyODI2MTM4NzM1OmFuZHJvaWQ6MmU1OTIzMjgwZjc3MWQ2YjJmZjU5YSIsImV4cCI6MTc3MDYxMjA0OSwiZmlkIjoiY3BwcUFDX3pSRmF4b1J5S2ZuMU5XcCIsInByb2plY3ROdW1iZXIiOjQxMjgyNjEzODczNX0.AB2LPV8wRAIgNIsXDmAlmTyY1Oxr1yb0OnRG2XlZqmyk4ScMTSOHpAwCIE6OeqmyemQIek6Wif0FrFz6AV5DOf9_bbRqpaYxR7Hi","RefreshToken":"3_AS3qfwJP7jUq76dg2HAIkdRKYg9dKvuFybecowv3wPgXR6HuLZefEE-9SfxlG_BqowY6mgZ_m4cMn9Xpea6BR7hWodk89zGhQ5XHHYWI5tuUVA","TokenCreationEpochInSecs":1770007248,"ExpiresInSecs":604800}