<?xml version='1.0' encoding='utf-8' standalone='yes' ?>
<map>
    <long name="first_open_time" value="1759370170535" />
    <string name="gmp_app_id">1:800795916999:android:deb9c2753c590dc4</string>
    <string name="app_instance_id">50a858efed76f75fd7dd6d5cea56d6b9</string>
    <boolean name="has_been_opened" value="true" />
    <boolean name="app_backgrounded" value="false" />
    <boolean name="allow_remote_dynamite" value="true" />
    <long name="health_monitor:start" value="1759370319706" />
    <boolean name="use_service" value="true" />
    <boolean name="start_new_session" value="true" />
</map>
