<?xml version='1.0' encoding='utf-8' standalone='yes' ?>
<map>
    <long name="first_open_time" value="1760551801505" />
    <string name="gmp_app_id">1:461924812382:android:119d0f93519f384d2916cf</string>
    <string name="app_instance_id">db5cfc8b3389649ab0b485d46c8b58d0</string>
    <long name="session_id" value="0" />
    <boolean name="app_backgrounded" value="true" />
    <long name="health_monitor:start" value="1760551801583" />
    <boolean name="use_service" value="true" />
    <boolean name="deferred_analytics_collection" value="false" />
    <string name="previous_os_version">9</string>
    <boolean name="has_been_opened" value="true" />
    <boolean name="allow_remote_dynamite" value="true" />
    <long name="last_pause_time" value="1760551840844" />
    <boolean name="start_new_session" value="true" />
</map>
