<?xml version='1.0' encoding='utf-8' standalone='yes' ?>
<map>
    <set name="fire-core/20.1.2 device-brand/Moto fire-fcm/23.0.8 fire-perf/20.1.1 device-name/edge40pro device-model/edge40pro android-min-sdk/24 fire-auth/21.0.8 fire-analytics/21.1.1 fire-android/28 fire-abt/21.0.2 android-installer/com.android.vending fire-cls-ndk/18.2.13 fire-installations/17.0.3 fire-rtdb/20.0.6 fire-rc/21.1.2 android-platform/ android-target-sdk/27 react-native-firebase/14.12.0 kotlin/1.9.24 fire-cls/18.2.13 fire-transport/18.1.6">
        <string>2025-10-16</string>
    </set>
    <string name="last-used-date">2025-10-16</string>
    <long name="fire-count" value="1" />
    <long name="fire-global" value="1760551802308" />
</map>
