<?xml version='1.0' encoding='utf-8' standalone='yes' ?>
<map>
    <string name="user_session">{&quot;session_id&quot;:&quot;826a63c4-12b3-4b48-8ada-6bbfb3b7a254&quot;,&quot;start_time&quot;:&quot;2025-10-15T18:10:01.766Z&quot;,&quot;last_interaction_time&quot;:1760551841916}</string>
    <int name="appVersion" value="390680003" />
    <long name="last_event_sync_time" value="1760551829123" />
    <long name="inapp_last_sync_time" value="1760551802" />
    <set name="sent_activity_list">
        <string>com.facebook.ads.AudienceNetworkActivity</string>
        <string>com.techie.export.classes.DefaultProvider$MyActivity</string>
        <string>com.google.android.gms.common.api.GoogleApiActivity</string>
        <string>in.juspay.hypernfc.NfcActivity</string>
        <string>com.moengage.pushbase.activities.PushClickDialogTracker</string>
        <string>com.google.android.gms.auth.api.signin.internal.SignInHubActivity</string>
        <string>com.android.billingclient.api.ProxyBillingActivityV2</string>
        <string>com.moengage.pushbase.internal.activity.PermissionActivity</string>
        <string>com.proyecto26.inappbrowser.ChromeTabsManagerActivity</string>
        <string>com.google.firebase.auth.internal.RecaptchaActivity</string>
        <string>in.juspay.hypersdk.core.CustomtabResult</string>
        <string>in.juspay.hypersdkreact.ProcessActivity</string>
        <string>com.ht.ottplay.MainActivityic_launcher</string>
        <string>com.yalantis.ucrop.UCropActivity</string>
        <string>com.facebook.CustomTabActivity</string>
        <string>com.google.android.gms.ads.AdActivity</string>
        <string>com.google.android.tv.ads.controls.FallbackImageActivity</string>
        <string>com.moengage.pushbase.activities.PushTracker</string>
        <string>com.facebook.FacebookActivity</string>
        <string>com.android.billingclient.api.ProxyBillingActivity</string>
        <string>com.ht.ottplay.MainActivity</string>
        <string>com.moe.pushlibrary.activities.MoEActivity</string>
        <string>com.google.firebase.auth.internal.GenericIdpActivity</string>
        <string>com.facebook.CustomTabMainActivity</string>
        <string>com.moengage.inapp.internal.activity.MoEInAppActivity</string>
        <string>com.google.android.play.core.common.PlayCoreDialogWrapperActivity</string>
        <string>in.juspay.hypersdk.core.CustomtabActivity</string>
        <string>com.moengage.hms.pushkit.PushClickTracker</string>
    </set>
    <string name="registration_id">e8xs6-xnRu6ZB8uchdE9Ib:APA91bEHjp1hsIRqTtrMzXQEVbaYoIczN78R9yOlffRdpwkUdQ5voKCqVhUzzcVcmibeb8Xvhk7RrbovvKJ8JcM3Twllf-ioFbx71utfeqFsxOOghKttkjY</string>
    <boolean name="is_device_registered" value="true" />
    <boolean name="pref_installed" value="true" />
    <long name="last_config_sync_time" value="1760551802093" />
    <long name="notification_permission_tracked_time" value="1760551801773" />
    <long name="events_batch_number" value="2" />
    <long name="inapp_api_sync_delay" value="900" />
    <long name="inapp_html_assets_delete_time" value="1760551801" />
    <boolean name="has_registered_for_verification" value="false" />
    <long name="in_app_global_delay" value="900" />
    <string name="APP_UUID">b02f171f-6f6b-4b8b-8fd3-ff50c6fa2cab</string>
    <string name="user_attribute_unique_id">1714415093365</string>
</map>
